,name,watchtime,budget,weekend_gross_us_canada,weekend_date,vader_sentiment,text_blob_polarity,text_blob_subjectivity,popularity,weekend_roi
0,The Predator,107.0,88000000.0,24632284.0,2018-9-16,0.04849508581991108,0.06208528902358824,0.3162916598261858,35577.0,0.27991231818181816
1,The Nice Guys,116.0,50000000.0,11203270.0,2016-5-22,0.12872087130826715,0.09411590366493662,0.37687309518847406,37543.0,0.2240654
2,Once Upon a Time in... Hollywood,161.0,90000000.0,41082018.0,2019-7-28,0.11520800633475999,0.07046377624360113,0.22323286991145344,7859.0,0.4564668666666667
3,Midsommar,148.0,9000000.0,6560030.0,2019-7-7,0.08521340283739995,0.0737271156175476,0.33096054284571785,4627.0,0.7288922222222223
4,Avengers: Endgame,181.0,356000000.0,357115007.0,2019-4-28,0.07087728987273215,0.050050183849705866,0.23411245297871117,218147.0,1.0031320421348315
5,Blade Runner 2049,164.0,150000000.0,32753122.0,2017-10-8,0.0676493858626936,0.08844396599972824,0.3145052280870026,15352.0,0.21835414666666667
6,Joker,122.0,55000000.0,96202337.0,2019-10-6,0.13726233683590597,0.010663936515167217,0.22324482671621923,145110.0,1.7491334
7,Mother!,121.0,30000000.0,7534673.0,2017-9-17,0.0013779188778245332,0.031973697272672866,0.2968766971393654,239630.0,0.25115576666666667
8,Knives Out,130.0,40000000.0,26769548.0,2019-12-1,0.012438208610577713,0.09659127642490266,0.3012592937141837,100.0,0.6692387
9,1917,119.0,95000000.0,576216.0,2019-12-29,0.00042122885670816974,0.05518349341249185,0.24942112733010177,97.0,0.006065431578947369
10,The Gentlemen,113.0,22000000.0,10651884.0,2020-1-26,0.09950600536380139,0.09112453001473991,0.3437756974902449,96.0,0.48417654545454547
11,Deadpool,108.0,58000000.0,132434639.0,2016-2-14,0.07077357859079919,0.061678541858839316,0.19992866814022117,64831.0,2.2833558448275864
12,Avengers: Infinity War,149.0,321000000.0,257698183.0,2018-4-29,-0.3028846192074096,0.06791515496591316,0.25222932681102395,76969.0,0.8027980778816199
13,Black Panther,134.0,200000000.0,202003951.0,2018-2-18,0.04527594353044652,-0.07340779247844702,0.4046407276019061,154750.0,1.010019755
14,Hereditary,127.0,10000000.0,13575172.0,2018-6-10,-0.025664574668306846,0.012048588876752071,0.3481428329107564,2320.0,1.3575172
15,Bohemian Rhapsody,134.0,52000000.0,51061119.0,2018-11-4,0.1318289165427728,0.19277259032468577,0.3233857982054977,101.0,0.9819445961538461
16,Little Women,135.0,40000000.0,16755310.0,2019-12-29,0.13183059717464213,0.05995689381044924,0.3962376219320901,100.0,0.41888275
17,Deadpool 2,119.0,110000000.0,125507153.0,2018-5-20,0.12946022138208424,0.0916779884474353,0.2837171068244581,37089.0,1.1409741181818183
18,Suicide Squad,123.0,175000000.0,133682248.0,2016-8-7,-0.43080585862658155,0.022814312669449187,0.2408429388755342,51997.0,0.76389856
19,Le Mans '66,152.0,97600000.0,31474958.0,2019-11-17,0.12602644230769233,0.07135809210374328,0.297595623900902,13.0,0.3224893237704918
20,Star Wars: Episode IX - The Rise of Skywalker,141.0,275000000.0,177383864.0,2019-12-22,-0.17130949194942768,0.03539847713148658,0.26105455668466254,48.0,0.6450322327272727
21,Star Trek: Beyond,122.0,185000000.0,59253211.0,2016-7-24,0.0486696307622382,0.07787018065663671,0.2761491855101432,10823.0,0.320287627027027
22,Spider-Man: Homecoming,133.0,175000000.0,117027503.0,2017-7-9,0.06356290977128809,0.13049200098030828,0.23364621758570997,23359.0,0.6687285885714286
23,Star Wars: Rogue One,133.0,200000000.0,155081681.0,2016-12-18,-0.27162491093790914,0.06404751192060103,0.2760081029583608,20274.0,0.775408405
24,Logan,137.0,97000000.0,88411916.0,2017-3-5,0.06647803562510096,0.08029472454096308,0.26100393579265396,30366.0,0.9114630515463917
25,Dunkirk,106.0,100000000.0,50513488.0,2017-7-23,-0.04437204576169,0.09564262594883745,0.3331522794793522,28770.0,0.50513488
26,Green Book,130.0,23000000.0,320429.0,2018-11-18,0.11694516183839257,0.0593050570104088,0.35038931988190475,102.0,0.013931695652173913
27,Alien: Covenant,122.0,97000000.0,36160621.0,2017-5-21,0.06146484238481621,-0.02022237629605931,0.4901326363034461,4355.0,0.37278990721649485
28,Mission: Impossible - Fallout,147.0,178000000.0,61236534.0,2018-7-29,0.08616467101632422,-0.2636831272023054,0.686228150299603,3329.0,0.34402547191011235
29,Baby Driver,113.0,34000000.0,20553320.0,2017-7-2,0.1518289640958147,0.14771330298670488,0.29169407076788395,12915.0,0.6045094117647059
30,It Chapter Two,169.0,79000000.0,91062152.0,2019-9-8,0.0019529931414794363,0.05920951787743602,0.3248321233429976,19703.0,1.1526854683544303
31,The Lighthouse,109.0,11000000.0,427797.0,2019-10-20,0.04964084272259226,0.09027500360333601,0.288003592683533,28362.0,0.03889063636363636
32,Murder on the Orient Express,114.0,55000000.0,28681472.0,2017-11-12,-0.376197548985406,0.08989391214169518,0.24966508478099422,1069.0,0.5214813090909091
33,Jojo Rabbit,108.0,14000000.0,349555.0,2019-10-20,0.11303954648351086,0.015355297698267148,0.18145988674337754,2968.0,0.024968214285714285
34,A Star Is Born,136.0,36000000.0,42908051.0,2018-10-7,0.09993708622594134,0.13346115598008607,0.30420490852234805,526.0,1.1918903055555556
35,La La Land,128.0,30000000.0,881104.0,2016-12-11,0.22350204825945327,0.14775575959530063,0.2998999058610684,1590.0,0.029370133333333333
36,Hacksaw Ridge,139.0,40000000.0,15190758.0,2016-11-6,0.08228561523372817,0.05213273694612009,0.2663199516330483,944.0,0.37976895
37,Doctor Strange,115.0,165000000.0,85058311.0,2016-11-6,-0.025935797518734215,0.03071281456226478,0.2667275047720784,17003.0,0.5155049151515152
38,Jurassic World: Fallen Kingdom,128.0,170000000.0,148024610.0,2018-6-24,-0.20074498915529712,0.035380798220354184,0.2586516250385235,2748.0,0.870733
39,The Greatest Showman,105.0,84000000.0,8805843.0,2017-12-24,0.5438678190275673,0.6486786267454601,0.7527086820085458,631.0,0.10483146428571428
40,Guardians of the Galaxy Vol. 2,136.0,200000000.0,146510104.0,2017-5-7,0.07502741789976596,0.06871219113234346,0.18759583330039584,8608.0,0.73255052
41,Nocturnal Animals,116.0,22500000.0,492648.0,2016-11-20,0.010886543014322552,0.05621012849733511,0.3530335224475138,355.0,0.021895466666666665
42,Arrival,116.0,47000000.0,24074047.0,2016-11-13,0.07483957257794616,0.07742147321533396,0.3261259324354757,14118.0,0.5122137659574468
43,Passengers,116.0,110000000.0,14869736.0,2016-12-25,-0.002692481518935804,0.048014342982390705,0.315736360623835,37305.0,0.1351794181818182
44,Split,117.0,9000000.0,40010975.0,2017-1-22,0.05756101540606217,0.05157853120341012,0.30710259035707227,55043.0,4.445663888888889
45,Vaiana,107.0,150000000.0,56631401.0,2016-11-27,0.21861333333333333,0.1241958273208273,0.2349798581048581,13.0,0.37754267333333336
46,Jumanji: The Next Level,123.0,125000000.0,59251543.0,2019-12-15,0.09805031666666666,0.03361794612794612,0.11874020382395382,102.0,0.474012344
47,Sing,108.0,75000000.0,35258145.0,2016-12-25,0.09788779944341613,0.05943299949509779,0.2865040363887571,17344.0,0.4701086
48,War Dogs,114.0,40000000.0,14685305.0,2016-8-21,-0.26196609513499863,0.06307628154169774,0.2995609318382546,1153.0,0.367132625
49,The Great Wall,103.0,150000000.0,18469620.0,2017-2-19,0.11831469471436604,0.12621265590095418,0.37664460415593837,44123.0,0.1231308
50,Captain Marvel,123.0,160000000.0,153433423.0,2019-3-10,0.29074349985945,0.031974236447322925,0.17933778385793187,149223.0,0.95895889375
51,Hidden Figures,127.0,25000000.0,515499.0,2016-12-25,0.15017564098129554,-0.04841869928918634,0.34292460351128085,2462.0,0.02061996
52,The Mummy,111.0,125000000.0,31688375.0,2017-6-11,-0.03620810590036966,-0.010539380656111524,0.31298151555636694,57164.0,0.253507
53,Spider-Man: Far from Home,129.0,160000000.0,92579212.0,2019-7-7,0.09976917521907247,0.1004302440087935,0.7035223005759644,72957.0,0.578620075
54,Pirates of the Caribbean: Salazar's Revenge,129.0,230000000.0,62983253.0,2017-5-28,-0.36167083333333333,0.04177489177489178,0.18141233766233766,266.0,0.2738402304347826
55,Uncut Gems,135.0,19000000.0,537242.0,2019-12-15,0.10736020025375288,-0.19916120637796278,0.6025713623424948,74.0,0.028275894736842104
56,Zootropolis,108.0,150000000.0,75063401.0,2016-3-6,0.05191190476190476,0.028174603174603175,0.08389550264550265,6.0,0.5004226733333333
57,Fantastic Beasts: The Crimes of Grindelwald,134.0,200000000.0,62163104.0,2018-11-18,0.38489312557125516,0.26197604284070064,0.6705171891994116,100.0,0.31081552
58,A Quiet Place,90.0,17000000.0,50203562.0,2018-4-8,0.04554077350342539,0.05225334773811433,0.34275429853515377,29067.0,2.953150705882353
59,John Wick: Chapter 3 - Parabellum,130.0,75000000.0,56818067.0,2019-5-19,0.09144143855920732,0.10053872751667771,0.2350529363151369,11170.0,0.7575742266666666
60,Wonder Woman,141.0,149000000.0,103251471.0,2017-6-4,0.08717280183475763,0.09325097537176431,0.34258184882972637,136458.0,0.6929628926174497
61,Captain America: Civil War,147.0,250000000.0,179139142.0,2016-5-8,-0.320374496645653,0.047742932175279466,0.2192684485169977,12024.0,0.716556568
62,Shazam!,132.0,100000000.0,53505326.0,2019-4-7,0.10792464948898402,0.05225406996497069,0.28760003436445947,12556.0,0.53505326
63,Venom,112.0,100000000.0,80255756.0,2018-10-7,0.10425627719938775,0.10282455189979085,0.319249719004324,12060.0,0.80255756
64,Hustlers,110.0,20000000.0,33181361.0,2019-9-15,0.20458059728743483,0.13810265434332433,0.31044097678147237,4669.0,1.65906805
65,Beauty and the Beast,129.0,160000000.0,174750616.0,2017-3-19,0.34936356797228446,0.0868509520956685,0.3011280862573454,89591.0,1.09219135
66,Fifty Shades Darker,118.0,55000000.0,46607250.0,2017-2-12,-0.024178318813033752,-0.005252906051788631,0.26290430822116745,2740.0,0.8474045454545455
67,Jumanji: Welcome to the Jungle,119.0,90000000.0,36169328.0,2017-12-24,0.479097038571029,0.488268173346224,0.6533241452592016,32407.0,0.40188142222222223
68,Wonder,113.0,20000000.0,27547866.0,2017-11-19,0.01979432385124209,0.06893672675149574,0.28934601101790225,231031.0,1.3773933
69,Ocean's Eight,110.0,70000000.0,41607378.0,2018-6-10,0.3614616666666667,0.1861870892336619,0.32998503033825594,175.0,0.5943911142857143
70,Ready or Not,95.0,6000000.0,8015590.0,2019-8-25,0.04607961980589757,0.05892497181242901,0.356615306650773,138755.0,1.3359316666666667
71,Suspiria,152.0,20000000.0,184037.0,2018-10-28,-0.07028375299707602,0.08204946014714654,0.29387305229046456,100.0,0.00920185
72,Ready Player One,140.0,175000000.0,41764050.0,2018-4-1,0.22642307889642718,0.12893203911280687,0.4253601002209884,28666.0,0.23865171428571427
73,American Made,115.0,50000000.0,16776390.0,2017-10-1,0.053125437308868734,0.07490845611653352,0.3162010273065216,35324.0,0.3355278
74,Baywatch,116.0,69000000.0,18503871.0,2017-5-28,0.06558332372571905,0.055102641913556655,0.20458209405421843,8497.0,0.26817204347826085
75,Star Wars: Episode VIII - The Last Jedi,152.0,317000000.0,220009584.0,2017-12-17,-0.3466654955808081,0.04542496377094309,0.1677231463939166,332.0,0.6940365425867507
76,Doctor Sleep,152.0,45000000.0,14114124.0,2019-11-10,0.009812213740850865,0.045256655645036836,0.3219539204146145,10936.0,0.3136472
77,Fantastic Beasts and Where to Find Them,132.0,180000000.0,74403387.0,2016-11-20,0.46663382179848967,0.28981302839913486,0.6464123323961539,1935.0,0.41335215
78,Annihilation,115.0,40000000.0,11071584.0,2018-2-25,0.034991930779193436,0.0527089692329835,0.3210647833918031,7265.0,0.2767896
79,Rocketman,121.0,40000000.0,25725722.0,2019-6-2,0.10380120357341462,0.04803435220304065,0.25256564666577075,36658.0,0.64314305
80,Me Before You,106.0,20000000.0,18723269.0,2016-6-5,0.06052520913599028,0.05767856283257302,0.34780772735640453,149081.0,0.93616345
81,Batman v Superman: Dawn of Justice,152.0,250000000.0,166007347.0,2016-3-27,0.3593534856751582,0.07143071122819357,0.24952964703872113,8050.0,0.664029388
82,Alita: Battle Angel,122.0,170000000.0,28525613.0,2019-2-17,-0.13291527979823697,0.11166501736808175,0.2323502757275076,103.0,0.16779772352941177
83,Men in Black: International,114.0,110000000.0,30035838.0,2019-6-16,0.014373892291410442,-0.018933442243721985,0.27427717656491635,4193.0,0.27305307272727275
84,Solo: A Star Wars Story,135.0,275000000.0,84420489.0,2018-5-27,-0.33445175141065997,0.07178425088622183,0.21398537035518628,5921.0,0.30698359636363637
85,John Wick: Chapter 2,122.0,40000000.0,30436123.0,2017-2-12,0.10729703359301143,0.1074827376695394,0.21444675218384038,4191.0,0.760903075
86,Vice,132.0,60000000.0,7768371.0,2018-12-30,0.12688901814866935,0.06720817942789858,0.2845975883158047,100.0,0.12947285
87,The Wretched,95.0,1200000.0,65908.0,2020-5-3,-0.01261418649256489,0.03720890254074471,0.3563180432466424,119.0,0.05492333333333333
88,The Shape of Water,123.0,19400000.0,166564.0,2017-12-3,0.07071320942163375,0.09459166791053397,0.3488678354407332,4476.0,0.008585773195876289
89,Terminator: Dark Fate,128.0,185000000.0,29033832.0,2019-11-3,-0.007672047014747547,-0.028993365530510084,0.393230646502811,4965.0,0.15693963243243242
90,Hell or High Water,102.0,12000000.0,621329.0,2016-8-14,-0.12662078365371365,0.08248435525008047,0.4022540317258069,3524.0,0.051777416666666666
91,Downton Abbey,122.0,13000000.0,31033665.0,2019-9-22,0.08689278013509598,0.08241962645396746,0.2682030245655355,16135.0,2.387205
92,Transformers: The Last Knight,154.0,217000000.0,44680073.0,2017-6-25,-0.011444202410132706,0.011869732986581297,0.20825850318725958,2225.0,0.20589895391705068
93,Aquaman,143.0,160000000.0,67873522.0,2018-12-23,0.08491940025970615,0.08584692968929607,0.2814321707293052,100.0,0.4242095125
94,The Lion King,118.0,260000000.0,191770759.0,2019-7-21,0.07413666270336773,0.0513451376227838,0.2840261138355516,40514.0,0.7375798423076924
95,Captain Fantastic,118.0,5000000.0,93824.0,2016-7-10,0.2812350440696458,0.20345628497801838,0.5696259784834633,920.0,0.0187648
96,Zombieland: Double Tap,99.0,42000000.0,26803104.0,2019-10-20,0.08374627753129124,0.024529345587810822,0.17012880221344726,2478.0,0.6381691428571429
97,Coco,105.0,175000000.0,50802605.0,2017-11-26,0.10945536238281249,0.08990522397906849,0.26606214478228835,12823.0,0.2903006
98,10 Cloverfield Lane,103.0,15000000.0,24727437.0,2016-3-13,0.08776120519771446,0.05906329559897028,0.2932118636803565,4633.0,1.6484958
99,Red Sparrow,140.0,69000000.0,16853422.0,2018-3-4,-0.03858267102557576,0.004294467690737064,0.15377854687476356,1570.0,0.24425249275362318
100,Justice League,120.0,300000000.0,93842239.0,2017-11-19,0.3147438471502233,0.051055066367589344,0.2261528435856393,38957.0,0.3128074633333333
101,"I, Tonya",119.0,11000000.0,264155.0,2017-12-10,0.13921561524450052,0.08494440347145266,0.2384740106786555,243.0,0.02401409090909091
102,Aladdin,128.0,183000000.0,91500929.0,2019-5-26,0.09461592446641486,0.08099701576146051,0.2512027189780531,62768.0,0.5000050765027323
103,Fast & Furious Presents: Hobbs & Shaw,137.0,200000000.0,60038950.0,2019-8-4,-0.3491093469387755,0.19747606918214058,0.538549352122745,1729.0,0.30019475
104,Kingsman: The Golden Circle,141.0,104000000.0,39023010.0,2017-9-24,0.09150474515857435,0.23366542598339626,0.4777588402587344,524.0,0.37522125
105,Ghostbusters,117.0,144000000.0,46018755.0,2016-7-17,-0.04173417717113665,0.027730146510488943,0.35234897243787605,59535.0,0.3195746875
106,X-Men: Apocalypse,144.0,178000000.0,65769562.0,2016-5-29,0.019522131783687228,0.04852676615991938,0.2866311777229549,2208.0,0.3694919213483146
107,Phantom Thread,130.0,35000000.0,216495.0,2017-12-31,0.21556621592678155,0.18723592542456854,0.3809436540039029,1367.0,0.006185571428571428
108,Fifty Shades Freed,105.0,55000000.0,38560195.0,2018-2-11,0.3305500593730229,0.04868382337189879,0.30745516328431965,687.0,0.7010944545454545
109,The Meg,113.0,130000000.0,45402195.0,2018-8-12,0.07181146723743607,0.056238526782539926,0.36619954895405515,8449.0,0.34924765384615386
110,Crazy Rich Asians,120.0,30000000.0,26510140.0,2018-8-19,0.27952146804079037,0.011281247164506302,0.596316928400232,8542.0,0.8836713333333334
111,12 Strong,130.0,35000000.0,15815025.0,2018-1-21,0.05907283969155049,0.08200870771439658,0.34850453402361,12613.0,0.45185785714285714
112,Atomic Blonde,115.0,30000000.0,18286420.0,2017-7-30,0.12884589031834873,0.07368506117818323,0.20226043923999057,2498.0,0.6095473333333333
113,Den of Thieves,140.0,30000000.0,15206108.0,2018-1-21,-0.2952128816002009,0.08350437579879355,0.348101307186324,1370.0,0.5068702666666667
114,13 Hours,144.0,50000000.0,16194738.0,2016-1-17,0.113910407200155,0.0786210755368444,0.32463050084006895,16024.0,0.32389476
115,The Outpost,123.0,18000000.0,31042.0,2020-7-5,0.0036309422795933284,0.031769735238469037,0.33474590750011507,348.0,0.0017245555555555556
116,The Shallows,86.0,17000000.0,16800868.0,2016-6-26,0.173749309734946,0.13778867305567177,0.3281567864959486,3874.0,0.9882863529411765
117,A Simple Favor,117.0,20000000.0,16011689.0,2018-9-16,0.19095948452876194,0.04462444213701213,0.36264628255147513,2345.0,0.80058445
118,Beautiful Boy,120.0,25000000.0,218888.0,2018-10-14,0.1355431406228842,0.15302668246923434,0.4428629677855932,100.0,0.00875552
119,The Conjuring 2,134.0,40000000.0,40406314.0,2016-6-12,0.04603758506053162,0.11035038654769264,0.24466682135036524,896.0,1.01015785
120,Booksmart,102.0,6000000.0,6933620.0,2019-5-26,0.1718178186388485,0.10406469839733791,0.3200599408549088,2105.0,1.1556033333333333
121,Only the Brave,134.0,38000000.0,6002665.0,2017-10-22,0.08078575892276638,0.10839054408877011,0.40884597151884255,20507.0,0.15796486842105262
122,Toy Story 4,100.0,200000000.0,120908065.0,2019-6-23,0.0722270191533735,0.10085800948953266,0.31011428702610105,40677.0,0.604540325
123,Richard Jewell,131.0,45000000.0,4705265.0,2019-12-15,-0.10320640271132377,0.003438506553144711,0.2071831587333232,100.0,0.10456144444444444
124,King Arthur: Legend of the Sword,126.0,175000000.0,15371270.0,2017-5-14,0.0038849887377791436,-0.006320202206215448,0.2491970096074082,734.0,0.08783582857142858
125,Ad Astra,123.0,90000000.0,19001398.0,2019-9-22,0.09434259377617397,0.1172937030980227,0.2728224725139914,1411.0,0.21112664444444446
126,Mamma Mia! Here We Go Again,114.0,75000000.0,34952180.0,2018-7-22,-0.10367613978739061,0.07242164400585148,0.20892622808982783,320.0,0.46602906666666666
127,Gods of Egypt,127.0,140000000.0,14123903.0,2016-2-28,0.08546928254590341,0.07799907556800449,0.1992808747511134,1015.0,0.10088502142857143
128,Midway,138.0,100000000.0,17897419.0,2019-11-10,0.032985503504588634,0.037554462723594806,0.28564833407581897,12168.0,0.17897419
129,The Addams Family,86.0,24000000.0,30300007.0,2019-10-13,0.07696827422686496,0.09877503706924314,0.3675622499014124,1093.0,1.2625002916666668
130,Truth or Dare,100.0,3500000.0,18667855.0,2018-4-15,0.1559905087883535,0.022595940863920642,0.3299227263981404,7151.0,5.333672857142857
131,Molly's Game,140.0,30000000.0,2349967.0,2017-12-31,0.3621872797619048,-0.05913591269841271,0.46832564484126993,142.0,0.07833223333333333
132,Glass,129.0,20000000.0,40328920.0,2019-1-20,0.06072852327804656,0.0574634953359068,0.3252418680041845,100.0,2.016446
133,My Big Fat Greek Wedding 2,94.0,18000000.0,17861950.0,2016-3-27,0.12016677655677657,0.01464248714248714,0.17603437072187075,36.0,0.9923305555555556
134,Bad Times at the El Royale,141.0,32000000.0,7132647.0,2018-10-14,-0.2523515161618527,-0.31676123037819376,0.5608421619052489,50.0,0.22289521875
135,The Favourite,119.0,15000000.0,422410.0,2018-11-25,0.16182095516739184,0.09387664291512174,0.3483644506031434,206.0,0.028160666666666667
136,The Peanut Butter Falcon,97.0,6200000.0,204793.0,2019-8-11,0.07901763157894737,0.08728044859623807,0.22881941279967602,39.0,0.033031129032258064
137,Miss Peregrine's Home for Peculiar Children,127.0,110000000.0,28871140.0,2016-10-2,0.10092939925571505,0.08515749601275917,0.27473036020185143,473.0,0.2624649090909091
138,Moonlight,111.0,4000000.0,402075.0,2016-10-23,0.06043761513304527,0.059827249787859076,0.3174154764957352,6058.0,0.10051875
139,Manchester by the Sea,137.0,9000000.0,256498.0,2016-11-20,0.05464756097560975,0.17060679886638075,0.3688039369973168,689.0,0.028499777777777777
140,Hellboy,120.0,50000000.0,12045147.0,2019-4-14,0.01765223860856981,0.03494362248401731,0.29463164284199267,39184.0,0.24090294
141,Charlie's Angels,118.0,48000000.0,8351109.0,2019-11-17,0.014820408467360453,0.06900970793279568,0.21779419699383276,100.0,0.1739814375
142,Mortal Engines,128.0,100000000.0,7559850.0,2018-12-16,0.08580996320112635,0.09224256461312139,0.2775025900419272,100.0,0.0755985
143,The Nun,96.0,22000000.0,53807379.0,2018-9-9,0.06022524954353034,0.06920637718355802,0.2983601569799398,5310.0,2.4457899545454547
144,Overlord,110.0,38000000.0,10202108.0,2018-11-11,-0.0009873614258754948,0.051920490022744466,0.27484737439937545,100.0,0.2684765263157895
145,X-Men: Dark Phoenix,113.0,200000000.0,32828348.0,2019-6-9,0.05459860351009547,-0.06216748831825638,0.407667533452533,2761.0,0.16414174
146,Fighting with My Family,108.0,11000000.0,138780.0,2019-2-17,-0.013033347981951764,0.04932078419848196,0.3506240184381379,444.0,0.012616363636363636
147,Warcraft: The Beginning,123.0,160000000.0,24166110.0,2016-6-12,0.07357420192949546,0.15234931680849456,0.2807971060111409,424.0,0.1510381875
148,Bombshell,109.0,32000000.0,319157.0,2019-12-15,-0.03824764916349,0.0237859852548386,0.25579853760268023,130.0,0.00997365625
149,Mandy,121.0,6000000.0,225723.0,2018-9-16,0.02797272281094808,0.18216582616889657,0.386304034045047,16671.0,0.0376205
150,Disobedience,114.0,6000000.0,237393.0,2018-4-29,0.11974914885248639,0.13408106865075375,0.29469027997885683,3807.0,0.0395655
151,The Magnificent Seven,132.0,90000000.0,34703397.0,2016-9-25,0.5462959725357557,0.647522575771008,0.7610229136156463,286.0,0.3855933
152,Central Intelligence,107.0,50000000.0,35535250.0,2016-6-19,0.2898626712414844,0.04507803076893383,0.30315485573654977,719.0,0.710705
153,Now You See Me 2,129.0,90000000.0,22383146.0,2016-6-12,0.0681292110915503,0.06056017745116282,0.3362043051912894,60226.0,0.24870162222222222
154,Cats,110.0,95000000.0,6619870.0,2019-12-22,0.06765706403491208,0.02769217275791038,0.3063563907502214,171.0,0.06968284210526315
155,The Girl on the Train,112.0,45000000.0,24536265.0,2016-10-9,0.05838889040904323,0.07056403991794208,0.30626761954427406,3783.0,0.5452503333333333
156,The Goldfinch,149.0,45000000.0,2679027.0,2019-9-15,0.300970295970696,0.1886734929125108,0.4757829039280825,1110.0,0.05953393333333333
157,Valerian and the City of a Thousand Planets,136.0,177200000.0,17007624.0,2017-7-23,0.10528205951715522,0.09987519814266042,0.2732976513995235,480.0,0.09597981941309255
158,Tomb Raider,119.0,94000000.0,23633317.0,2018-3-18,0.08251394484960313,0.040174423203164916,0.2503830854969129,42916.0,0.2514182659574468
159,Power Rangers,124.0,100000000.0,40300288.0,2017-3-26,0.05534469838986689,0.1271482122765506,0.4067589195707024,11445.0,0.40300288
160,Mid90s,85.0,1700000.0,258157.0,2018-10-21,0.09843680073478665,0.08926231730065763,0.35430184793504577,42.0,0.1518570588235294
161,Incredibles 2,118.0,200000000.0,182687905.0,2018-6-17,0.08983147573549767,0.12375361701737762,0.306825308595331,37208.0,0.913439525
162,Mary Queen of Scots,124.0,25000000.0,194777.0,2018-12-9,0.11243790222338935,0.1505663163010688,0.2954652386377045,64.0,0.00779108
163,Fast & Furious 8,136.0,250000000.0,98786705.0,2017-4-16,-0.38780093944022836,0.17991802909314827,0.5320917005852037,752.0,0.39514682
164,Don't Breathe,88.0,9900000.0,26411706.0,2016-8-28,0.004827810478658237,0.04891430796916839,0.35169192117883624,6082.0,2.667849090909091
165,Sicario: Day of the Soldado,122.0,35000000.0,19007566.0,2018-7-1,0.03011722222222223,-0.008589713535409027,0.35505852361498097,325.0,0.5430733142857143
166,Jason Bourne,123.0,120000000.0,59215365.0,2016-7-31,-0.00893874355279223,0.08155242189501465,0.3504136885834885,2011.0,0.493461375
167,The Legend of Tarzan,110.0,180000000.0,38527856.0,2016-7-3,0.04500962157807915,0.07067601286611243,0.2285813865057672,356.0,0.21404364444444443
168,The Mule,116.0,50000000.0,17509431.0,2018-12-16,0.08816947151742136,0.09625772647150012,0.2853043352125441,100.0,0.35018862
169,Instant Family,118.0,48000000.0,14504315.0,2018-11-18,0.10426884683966822,0.06847866384149726,0.4293368614108408,101.0,0.30217322916666667
170,Lion,118.0,12000000.0,123360.0,2016-11-27,0.03199336718845218,0.029864201508379117,0.2601576835874076,24885.0,0.01028
171,Sorry to Bother You,112.0,3200000.0,727266.0,2018-7-8,0.016722213660901993,0.0206763203999057,0.4093582928863649,7884.0,0.227270625
172,The Neon Demon,117.0,7000000.0,589014.0,2016-6-26,0.06371746601446751,0.04543729822890512,0.22945085654627864,365.0,0.08414485714285715
173,Ant-Man and the Wasp,118.0,162000000.0,75812205.0,2018-7-8,0.08983991591122802,0.11101666460162829,0.2806130962327414,21069.0,0.46797657407407406
174,Allied,124.0,85000000.0,12701743.0,2016-11-27,0.0343301248585966,0.027147804629300862,0.34129305598138593,10502.0,0.1494322705882353
175,Godzilla II: King of the Monsters,132.0,170000000.0,47776293.0,2019-6-2,-0.07877855994152047,0.0576112617944557,0.3463711659401176,105.0,0.28103701764705885
176,Escape Room,99.0,9000000.0,18238172.0,2019-1-6,0.09216858815889215,0.005020891111421622,0.3287036321286905,100.0,2.0264635555555555
177,The 15:17 to Paris,94.0,30000000.0,12554286.0,2018-2-11,0.20250439913356458,0.08774548297004432,0.3813275558026729,12492.0,0.4184762
178,Under the Silver Lake,139.0,8500000.0,35270.0,2019-4-21,-0.04212995800089101,0.09445742818594009,0.3218190664155481,356.0,0.004149411764705882
179,Five Feet Apart,116.0,7000000.0,13190286.0,2019-3-17,0.09733607898516113,0.07628936536434293,0.33943334952475207,7027.0,1.8843265714285715
180,CHIPS,100.0,25000000.0,7722802.0,2017-3-26,0.0582890610436227,0.059599814247492965,0.3230109070252938,17885.0,0.30891208
181,Swiss Army Man,97.0,3000000.0,105453.0,2016-6-26,0.08880711148678608,0.06922247087749853,0.32613805769641296,342.0,0.035151
182,Game Night,100.0,37000000.0,17005332.0,2018-2-25,0.13039675088418165,0.04479715580604621,0.3720276173066685,36320.0,0.4596035675675676
183,Stronger,119.0,30000000.0,1611040.0,2017-9-24,0.11697774355561893,0.08419702432643997,0.35909779031979006,35824.0,0.05370133333333333
184,BlacKkKlansman,135.0,15000000.0,10845330.0,2018-8-12,0.13371512417407155,0.0653582266696061,0.2677935256532564,2182.0,0.723022
185,Gifted,101.0,7000000.0,446380.0,2017-4-9,0.1840237016071888,0.2662153888682436,0.6071384863310749,9721.0,0.06376857142857142
186,Upgrade,100.0,5000000.0,4670905.0,2018-6-3,0.10166497887677999,0.10156544703861096,0.3163851566155668,21894.0,0.934181
187,Kong: Skull Island,118.0,185000000.0,61025472.0,2017-3-12,0.06933799494835065,0.07594355024394613,0.21785870659474102,3080.0,0.32986741621621624
188,Paddington 2,103.0,40000000.0,11001961.0,2018-1-14,0.2805408718976406,0.2560826200679274,0.4258082981583342,678.0,0.275049025
189,The Secret Life of Pets,87.0,75000000.0,104352905.0,2016-7-10,0.18074751334955697,-0.14755954113911884,0.6016603894654388,470.0,1.3913720666666667
190,First Man,141.0,59000000.0,16006065.0,2018-10-14,0.09617533850357127,0.07841055904592893,0.35777340794405665,106.0,0.2712892372881356
191,The Snowman,119.0,35000000.0,3372565.0,2017-10-22,0.04211113226735959,0.08897176927192359,0.34579113308673604,551.0,0.096359
192,Silence,161.0,46000000.0,130880.0,2016-12-25,-0.01429134454184231,0.03497616587474592,0.3358085341156546,50099.0,0.002845217391304348
193,Jack Reacher: Never Go Back,118.0,60000000.0,22872490.0,2016-10-23,0.0032297582812452876,0.005383398080018398,0.1604514575876856,395.0,0.3812081666666667
194,Kung Fu Panda 3,95.0,145000000.0,41282042.0,2016-1-31,-0.33047062000739535,0.058489236702802504,0.13745700799441082,1625.0,0.2847037379310345
195,The Boy,97.0,10000000.0,10778392.0,2016-1-24,0.016573578055780323,0.041974243134262054,0.3349061834792657,49822.0,1.0778392
196,Despicable Me 3,89.0,80000000.0,72434025.0,2017-7-2,0.04221091910982595,0.07433763464319368,0.2579994796828265,1412.0,0.9054253125
197,The Lost City of Z,141.0,30000000.0,110175.0,2017-4-16,-0.19200200708506365,0.10217527459331614,0.3812794044738652,569.0,0.0036725
198,Geostorm,109.0,120000000.0,13707376.0,2017-10-22,0.05917990881458967,0.10629827274774084,0.3172590136419924,373.0,0.11422813333333333
199,Sausage Party,89.0,19000000.0,34263534.0,2016-8-14,0.17321455688749718,0.02256982398777039,0.2675726065678118,11878.0,1.803343894736842
200,Bumblebee,114.0,135000000.0,21654047.0,2018-12-23,0.10728965230796353,0.0881563882343372,0.3052056702821649,100.0,0.16040034814814816
201,The Huntsman: Winter's War,114.0,115000000.0,19445035.0,2016-4-24,-0.34836354269991987,0.068786770412921,0.21619043530298426,221.0,0.16908726086956521
202,Frozen II,103.0,150000000.0,130263358.0,2019-11-24,0.09970904698166967,0.07911709321755238,0.3309460535873465,130.0,0.8684223866666667
203,Cars 3,102.0,175000000.0,53688680.0,2017-6-18,0.06842754847287365,0.05037821652668903,0.31905229746001806,20196.0,0.30679245714285713
204,Deepwater Horizon,107.0,110000000.0,20223544.0,2016-10-2,-0.03309155793128655,0.09962809171416627,0.2601718893449522,293.0,0.1838504
205,Halloween,106.0,10000000.0,76221545.0,2018-10-21,0.10084435437586281,0.1133591742641804,0.29996767105879046,103.0,7.6221545
206,Sully,96.0,60000000.0,35028301.0,2016-9-11,0.05507467407834218,0.10109548013339288,0.30274301983042007,4254.0,0.5838050166666666
207,Ghost in the Shell,107.0,110000000.0,18676033.0,2017-4-2,-0.09018273680316992,0.042569964853136945,0.23501710681785204,18786.0,0.16978211818181818
208,Adrift,96.0,35000000.0,11603039.0,2018-6-3,0.08206650695507432,0.09071312921296383,0.2705709234458878,820.0,0.3315154
209,The Founder,115.0,25000000.0,3404102.0,2017-1-22,0.038064475442082225,0.03784550882216062,0.3189523825902774,38048.0,0.13616408
210,The Accountant,128.0,44000000.0,24710273.0,2016-10-16,0.08369934308111608,0.07358547247272697,0.30258411255515844,3618.0,0.5615971136363637
211,Spies in Disguise,102.0,100000000.0,13354798.0,2019-12-29,-0.01755701284721967,0.028890563807818317,0.3075580519967728,37.0,0.13354798
212,The Florida Project,111.0,2000000.0,157553.0,2017-10-8,0.09241413754384659,0.20038399153361963,0.4254719590354517,931.0,0.0787765
213,Rambo: Last Blood,89.0,50000000.0,18872919.0,2019-9-22,-0.08665252598616985,0.000927718006180861,0.1648341008507644,1427.0,0.37745838
214,The 5th Wave,112.0,38000000.0,10326356.0,2016-1-24,0.07586232060307714,0.07452143189346383,0.18874325951547896,626.0,0.2717462105263158
215,Countdown,90.0,6500000.0,8865082.0,2019-10-27,0.06040830605790509,0.05905421900566209,0.24580278485285464,28210.0,1.3638587692307693
216,Mechanic: Resurrection,98.0,40000000.0,7456525.0,2016-8-28,0.08634234419332941,0.1030123656018554,0.18001160787146567,187.0,0.186413125
217,Independence Day: Resurgence,120.0,165000000.0,41039944.0,2016-6-26,-0.014931238608900683,0.03525611141697657,0.19685926842257817,1634.0,0.24872693333333334
218,The Jungle Book,106.0,175000000.0,103261464.0,2016-4-17,0.08947982144164185,0.08506196158815475,0.31100070210711056,3200.0,0.5900655085714286
219,Hostiles,134.0,39000000.0,22849.0,2017-12-24,-0.38595093432958755,-0.10861398423931237,0.3170490398248526,307.0,0.0005858717948717949
220,Good Boys,90.0,20000000.0,21402605.0,2019-8-18,0.207699767938369,0.19730152394270356,0.4007394459836484,139420.0,1.07013025
221,The Equalizer 2,121.0,62000000.0,36011640.0,2018-7-22,0.07328986069868958,0.11263493843577696,0.26766796698558326,2824.0,0.5808329032258065
222,Teenage Mutant Ninja Turtles: Out of the Shadows,112.0,135000000.0,35316382.0,2016-6-5,0.09471305835943845,0.0700736878558979,0.16951862521194505,113.0,0.2616028296296296
223,Gemini Man,117.0,138000000.0,20552372.0,2019-10-13,0.04448358936729486,0.0227321107824735,0.22431087042660344,21420.0,0.14893023188405796
224,Jigsaw,92.0,10000000.0,16640452.0,2017-10-29,0.06075796258464463,0.02735367315341878,0.2819940496226079,1414.0,1.6640452
225,Widows,129.0,42000000.0,12361307.0,2018-11-18,0.1349194826915595,0.05509065819276542,0.33529419755925177,101.0,0.29431683333333336
226,Happy Death Day,96.0,4800000.0,26039025.0,2017-10-15,0.0113212870560251,0.0765386766293609,0.3665192802086703,9641.0,5.424796875
227,A Cure for Wellness,146.0,40000000.0,4356941.0,2017-2-19,0.1389450925466014,-0.008327529592624571,0.4160766915545727,2519.0,0.108923525
228,Girls Trip,122.0,19000000.0,31201920.0,2017-7-23,0.059940076967692456,0.05327357645150652,0.3670786610232063,4752.0,1.6422063157894737
229,Destroyer,121.0,9000000.0,55347.0,2018-12-30,-0.19114813989389098,0.03967553200678399,0.2670764077874929,100.0,0.006149666666666667
230,xXx: Return of Xander Cage,107.0,85000000.0,20130142.0,2017-1-22,0.07054887214642172,0.12895819976180717,0.2811242595572295,999.0,0.2368252
231,Pride and Prejudice and Zombies,108.0,28000000.0,5324240.0,2016-2-7,-0.146964884362655,0.059759801372279014,0.19926228897045184,221.0,0.19015142857142858
232,War for the Planet of the Apes,140.0,150000000.0,56262929.0,2017-7-16,-0.24691646162522354,0.12936873411819302,0.27729167945563593,3315.0,0.3750861933333333
233,Inferno,121.0,75000000.0,14860425.0,2016-10-30,0.04353812338167606,0.07825472948451143,0.3200935723169214,6884.0,0.198139
234,Waves,135.0,6000000.0,134333.0,2019-11-17,0.0976223455936511,0.043539005241826,0.3261105665316925,100.0,0.022388833333333334
235,21 Bridges,99.0,33000000.0,9261268.0,2019-11-24,0.011828779220148525,0.037529273894467835,0.3189138577596656,96.0,0.28064448484848487
236,Scary Stories to Tell in the Dark,108.0,25000000.0,20915346.0,2019-8-11,-0.2730682560307129,-0.15135814418729646,0.5295856259504533,7020.0,0.83661384
237,Pok√©mon: Detective Pikachu,104.0,150000000.0,54365242.0,2019-5-12,0.1154160618665648,0.13500515358483076,0.3249640281451194,7492.0,0.36243494666666665
238,Mile 22,94.0,50000000.0,13710825.0,2018-8-19,0.05794240072138738,0.06393386123173105,0.2743645619220575,1037.0,0.2742165
239,The Edge of Seventeen,104.0,9000000.0,4754215.0,2016-11-20,0.1351863820393837,0.10123012459361624,0.36599681937093953,131.0,0.5282461111111111
240,How to Train Your Dragon: The Hidden World,104.0,129000000.0,55022245.0,2019-2-24,0.23297609776376946,0.040098893467589825,0.4246536208210858,850.0,0.4265290310077519
241,Robin Hood,116.0,100000000.0,9195670.0,2018-11-25,0.027552883065680274,0.055993893959615834,0.37218805293272467,100.0,0.0919567
242,Tag,100.0,28000000.0,14947396.0,2018-6-17,0.07639353136349566,0.03423008691089742,0.33032830399954266,51280.0,0.5338355714285714
243,Assassin's Creed,115.0,125000000.0,10278225.0,2016-12-25,0.055157051594078056,0.09339172474163719,0.2783079842813509,15667.0,0.0822258
244,Finding Dory,97.0,200000000.0,135060273.0,2016-6-19,0.060684262540087,0.0523768404951008,0.25263756973662976,4283.0,0.675301365
245,Dirty Grandpa,102.0,25000000.0,11111875.0,2016-1-24,-0.16175317021043106,-0.2024890157183535,0.44460648280604576,264.0,0.444475
246,A Beautiful Day in the Neighborhood,109.0,25000000.0,13251238.0,2019-11-24,0.36554151268126006,0.35960515920389985,0.5782638780767678,106.0,0.53004952
247,Cold Pursuit,119.0,60000000.0,11030233.0,2019-2-10,-0.04051570776986052,-0.1923083920312462,0.5942651210258482,98.0,0.18383721666666666
248,The Mountain Between Us,112.0,35000000.0,10551336.0,2017-10-8,0.12918000404636493,0.05439787470581415,0.3400774741906798,1476.0,0.30146674285714287
249,Why Him?,111.0,38000000.0,11002986.0,2016-12-25,0.03834816323813914,0.0532618706123668,0.32391142751130203,192072.0,0.28955226315789473
250,Angel Has Fallen,121.0,40000000.0,21380987.0,2019-8-25,-0.08550820562748757,0.07402564563647282,0.21980996310110845,392.0,0.534524675
251,The Lego Batman Movie,104.0,80000000.0,53003468.0,2017-2-12,0.17690777861225354,0.11642758482569318,0.2903772378351953,3500.0,0.66254335
252,Maze Runner: The Death Cure,143.0,62000000.0,24167011.0,2018-1-28,-0.43969668129013595,0.15683841701738352,0.3441092613552729,101.0,0.3897905
253,Brightburn,90.0,6000000.0,7845658.0,2019-5-26,-0.03149758414544111,0.05700314212007064,0.43826907030692797,1758.0,1.3076096666666666
254,Maleficent: Mistress of Evil,119.0,185000000.0,36948713.0,2019-10-20,-0.42500716207548994,-0.5829197629644509,0.766000327774185,1366.0,0.19972277297297297
255,Lights Out,81.0,4900000.0,21688103.0,2016-7-24,0.026902549738622293,0.03604020847138083,0.31041373545792267,32019.0,4.426143469387755
256,A Monster Calls,108.0,43000000.0,30909.0,2016-12-25,-0.01996455347544755,0.011037142920498212,0.33516239174455953,2846.0,0.0007188139534883721
257,Life Itself,117.0,10000000.0,2123463.0,2018-9-23,0.04150392995568482,0.0595456026068741,0.35641491832489736,30294.0,0.2123463
258,Creed II,130.0,50000000.0,35574710.0,2018-11-25,0.01650706695002462,0.06914213287586378,0.2852055469323942,99.0,0.7114942
259,The Space Between Us,120.0,30000000.0,3775596.0,2017-2-5,0.04507704029048501,0.06773855754938513,0.3453278938860311,25905.0,0.1258532
260,Ralph Breaks the Internet,112.0,175000000.0,56237634.0,2018-11-25,0.06386117751670571,0.04509931686016086,0.3012853026416828,99.0,0.3213579085714286
261,The Bad Batch,118.0,6000000.0,89111.0,2017-6-25,-0.04840615097144356,-0.06806407817415124,0.43629970719050104,5211.0,0.014851833333333333
262,Nerve,96.0,19000000.0,9445456.0,2016-7-31,0.049875157779886256,0.05667738015327406,0.32950146776905564,13330.0,0.49712926315789474
263,Crawl,87.0,13500000.0,12005210.0,2019-7-14,0.025191761962494223,0.03930948018638871,0.32410735406256264,22841.0,0.8892748148148149
264,Dora and the Lost City of Gold,102.0,49000000.0,17431588.0,2019-8-11,-0.07618088235294117,0.1668449233228645,0.3978346183591282,159.0,0.35574669387755103
265,Colossal,109.0,15000000.0,120226.0,2017-4-9,-0.012413441177924726,0.10623275718680486,0.45792265572907426,6710.0,0.008015066666666666
266,The Foreigner,113.0,35000000.0,13113024.0,2017-10-15,0.0983383748750607,0.0687791285905831,0.30163231544838753,1681.0,0.3746578285714286
267,Before I Fall,98.0,5000000.0,4690214.0,2017-3-5,0.0389552235656361,0.05761786392201713,0.32675010070675525,48971.0,0.9380428
268,The Big Sick,120.0,5000000.0,421577.0,2017-6-25,0.010760256450619385,0.013272935856285464,0.36666091231067677,17693.0,0.0843154
269,Mary Poppins Returns,130.0,130000000.0,23523121.0,2018-12-23,0.17641395212419841,0.12341165051131543,0.30310711111535726,100.0,0.1809470846153846
270,Blockers,102.0,21000000.0,20556350.0,2018-4-8,0.13727072673239726,0.09227078226465357,0.28273942503511695,6779.0,0.9788738095238095
271,Fences,139.0,24000000.0,129462.0,2016-12-18,0.03470887372413403,0.058804097367475536,0.2592712459843531,1539.0,0.00539425
272,Bastille Day,92.0,20000000.0,41546.0,2016-11-20,-0.12704851282051283,0.13557428913678915,0.32488948643948645,24.0,0.0020773
273,On the Basis of Sex,120.0,20000000.0,686355.0,2018-12-30,0.12793413391870087,0.07988103041271255,0.3252085794328417,100.0,0.03431775
274,Just Mercy,137.0,25000000.0,107858.0,2019-12-29,0.05267893907538942,0.03662629182145212,0.3521484703108653,100.0,0.00431432
275,Morgan,92.0,8000000.0,2012709.0,2016-9-4,0.10510980216010722,0.06348064527335835,0.23089087522080137,15959.0,0.251588625
276,Keanu,100.0,15000000.0,9453224.0,2016-5-1,0.07659938364534737,0.055465313959868895,0.3206201629142916,12419.0,0.6302149333333333
277,London Has Fallen,99.0,60000000.0,21635601.0,2016-3-6,-0.13876319022979772,0.05142771343834536,0.2723013033662346,1647.0,0.36059335
278,Annabelle Comes Home,106.0,30000000.0,20269723.0,2019-6-30,0.009203673392495866,0.08679748904991409,0.23033398865740615,853.0,0.6756574333333333
279,Bad Moms,100.0,20000000.0,23817340.0,2016-7-31,-0.2061795025827904,-0.2510019153316079,0.5005403894555827,1354.0,1.190867
280,Dumbo,112.0,170000000.0,45990748.0,2019-3-31,0.09392023339094459,0.0961432149858685,0.31536414468536217,3368.0,0.27053381176470587
281,Jay and Silent Bob Reboot,105.0,10000000.0,93520.0,2019-10-20,0.07164089051040175,0.05286532664109461,0.24534656959207454,804.0,0.009352
282,Bridget Jones's Baby,123.0,35000000.0,8571785.0,2016-9-18,0.13522988029399796,0.13785652773152773,0.2977324344687124,80.0,0.24490814285714285
283,It Comes at Night,91.0,5000000.0,5988370.0,2017-6-11,0.009830091962609177,0.04419496047177155,0.3471555430698825,49748.0,1.197674
284,Slender Man,93.0,10000000.0,11371866.0,2018-8-12,0.013555438966500704,0.03882746013693975,0.34004523797952646,1877.0,1.1371866
285,Death Wish,107.0,30000000.0,13010267.0,2018-3-4,-0.01791992662814024,0.034880707887946186,0.36610830056935456,9281.0,0.4336755666666667
286,Miracles from Heaven,109.0,13000000.0,14812393.0,2016-3-20,0.2186771620140041,0.020246733594553073,0.14685618197008107,1780.0,1.1394148461538463
287,The Hate U Give,133.0,23000000.0,512035.0,2018-10-7,-0.08252189785337621,-0.047951587077685626,0.42119733088843886,137.0,0.022262391304347828
288,Grimsby,83.0,35000000.0,3258327.0,2016-3-13,0.07138638047716173,0.0728962049945943,0.1636463995734098,5001.0,0.09309505714285714
289,Underworld: Blood Wars,91.0,35000000.0,13688751.0,2017-1-8,-0.2444136695608212,0.1793803258758846,0.3916975809295839,142.0,0.39110717142857143
290,Night School,111.0,29000000.0,27257615.0,2018-9-30,0.03881922307664175,0.04291361317776723,0.32839600305656513,61188.0,0.9399177586206896
291,A Ghost Story,92.0,100000.0,104030.0,2017-7-9,0.01523709147441309,0.04959886685184252,0.33650794855481514,12036.0,1.0403
292,Color Out of Space,111.0,6000000.0,216162.0,2020-1-26,0.05329377256164129,0.07205155922747823,0.312502307897637,100.0,0.036027
293,Long Shot,125.0,40000000.0,9740064.0,2019-5-5,0.039487738998082195,0.061379663643373654,0.3365811409018883,60570.0,0.2435016
294,London Fields,118.0,8000000.0,168575.0,2018-10-28,-0.03215499998096372,0.03885075007759456,0.17943989616655492,15.0,0.021071875
295,Peppermint,101.0,25000000.0,13423255.0,2018-9-9,0.11308050982586547,0.047672557103305764,0.31612896407804775,3354.0,0.5369302
296,Serenity,106.0,25000000.0,4415403.0,2019-1-27,0.08948827440970711,0.06298293997233274,0.2904492488393706,100.0,0.17661612
297,Mike and Dave Need Wedding Dates,98.0,33000000.0,16628170.0,2016-7-10,0.009671085482804225,-0.03660137296887049,0.22078732215388963,179.0,0.5038839393939394
298,Ouija: Origin of Evil,99.0,9000000.0,14065500.0,2016-10-23,-0.48375663265306124,-0.42650548855906006,0.7047771507592936,187.0,1.5628333333333333
299,The Curse of La Llorona,93.0,9000000.0,26347631.0,2019-4-21,-0.4599196417961124,-0.03346831441848388,0.24339080764726778,293.0,2.9275145555555557
300,I Feel Pretty,110.0,32000000.0,16030218.0,2018-4-22,0.0964063489345874,0.07309884759430105,0.3765505870215741,105968.0,0.5009443125
301,Captive State,109.0,25000000.0,3131525.0,2019-3-17,0.034299496045188935,0.18224319559697783,0.516051630592606,408.0,0.125261
302,Bad Neighbours 2,92.0,35000000.0,21760405.0,2016-5-22,-0.19889546377742193,-0.21819273950560944,0.43521499003129815,79.0,0.6217258571428571
303,Everybody Wants Some!!,117.0,10000000.0,312355.0,2016-4-3,0.07062071474975076,0.08113524329712685,0.3236100209403144,9116.0,0.0312355
304,47 Meters Down: Uncaged,90.0,12000000.0,8427265.0,2019-8-18,-0.1839948148148148,-0.0970802629739218,0.3553380763664154,102.0,0.7022720833333334
305,Zoolander 2,101.0,50000000.0,13841146.0,2016-2-14,0.05840288479611786,0.04761258256511627,0.2174755893198638,1711.0,0.27682292
306,Allegiant,120.0,110000000.0,29027348.0,2016-3-20,0.1005032662722604,0.07890543571718482,0.19510316364459118,282.0,0.2638849818181818
307,"Hail, Caesar!",106.0,22000000.0,11355225.0,2016-2-7,0.14904496702144157,0.08984769369336423,0.1741255591712236,1000.0,0.5161465909090909
308,Trolls,92.0,125000000.0,46581142.0,2016-11-6,0.02145572591303537,0.049858744849688635,0.3013080917648474,42162.0,0.372649136
309,The Art of Racing in the Rain,109.0,18000000.0,8137584.0,2019-8-11,0.03761227249533795,0.08500905652856805,0.3485685381219991,149.0,0.452088
310,Skyscraper,102.0,125000000.0,24905015.0,2018-7-15,0.10530329454324124,0.05793575910476015,0.30353922241393894,1746.0,0.19924012
311,Alice Through the Looking Glass,113.0,170000000.0,26858726.0,2016-5-29,0.014106495944733113,0.04907694419589761,0.2150868184275553,784.0,0.15799250588235295
312,Hotel Artemis,94.0,15000000.0,3232790.0,2018-6-10,0.0007388104535207319,0.08043333104374131,0.27468464705180545,13834.0,0.21551933333333334
313,The Boss Baby,97.0,125000000.0,50198902.0,2017-4-2,0.02088271412155375,0.03875510765621626,0.22765831457910593,3664.0,0.401591216
314,Hotel Transylvania 3: A Monster Vacation,97.0,80000000.0,44076225.0,2018-7-15,0.043759978785240995,0.025604881132477858,0.1272851296621122,163.0,0.5509528125
315,Thoroughbreds,92.0,6000000.0,1224430.0,2018-3-11,0.17818899835796387,0.08115950141812212,0.2868562472010748,144.0,0.20407166666666668
316,Pitch Perfect 3,93.0,45000000.0,19928525.0,2017-12-24,0.4064717276339826,0.5319614502044089,0.6807108002847009,1349.0,0.4428561111111111
317,The Book of Henry,105.0,10000000.0,1424540.0,2017-6-18,-0.05070170447358314,0.015326215840400906,0.35531967349560584,2214.0,0.142454
318,Patriots Day,133.0,45000000.0,161306.0,2016-12-25,0.12035225710718139,0.05673196038662635,0.29256493380683896,20545.0,0.0035845777777777778
319,Criminal,113.0,31500000.0,5767278.0,2016-4-17,-0.2400672309751865,-0.0638922424010738,0.39880882779476656,24665.0,0.1830881904761905
320,The Beach Bum,95.0,5000000.0,1763070.0,2019-3-31,0.2120396913580247,0.12228961742633133,0.2691868722691492,464.0,0.352614
321,Tolkien,112.0,20000000.0,2200537.0,2019-5-12,0.10822954295230425,0.09847646844001431,0.3324444189907497,48295.0,0.11002685
322,Jackie,100.0,9000000.0,278715.0,2016-12-4,0.0764517303627478,0.07991010825086667,0.31443931409081316,17397.0,0.030968333333333334
323,Eighth Grade,93.0,2000000.0,263797.0,2018-7-15,0.009923836112614704,0.08429941922338274,0.2958054676686804,7799.0,0.1318985
324,Ma,99.0,5000000.0,18099805.0,2019-6-2,0.06620848391065615,0.04554018286500974,0.1962934644127666,136884.0,3.619961
325,Battle of the Sexes,121.0,25000000.0,518332.0,2017-9-24,-0.14357341110304184,0.10187067091200051,0.19843914438763494,194.0,0.02073328
326,The Circle,110.0,18000000.0,9034148.0,2017-4-30,0.079222296443185,0.06971046530274266,0.34146333045256816,77214.0,0.5018971111111111
327,Miss Sloane,132.0,13000000.0,59797.0,2016-11-27,-0.014592592592592598,0.055246913580246915,0.29845679012345677,41.0,0.004599769230769231
328,Boy Erased,115.0,11000000.0,207057.0,2018-11-4,0.035790059873683014,0.12083090108554312,0.3343009705558967,54.0,0.018823363636363638
329,The Beguiled,93.0,10500000.0,229292.0,2017-6-25,0.0034700318072924097,0.06829497864449964,0.34395860711768445,145.0,0.021837333333333334
330,Jeepers Creepers 3,100.0,6200000.0,19151.0,2017-10-1,-0.09536960841694538,0.07326250421159307,0.2399046262241594,138.0,0.0030888709677419353
331,Triple 9,115.0,20000000.0,6109085.0,2016-2-28,0.06047592538148648,0.06495358008122194,0.21175468347097445,6386.0,0.30545425
332,The Girl in the Spider's Web,115.0,43000000.0,7810112.0,2018-11-11,0.05597781009098429,0.0914169814504492,0.2392399221775835,25.0,0.18163051162790697
333,Searching,102.0,880000.0,388769.0,2018-8-26,0.10584985105800186,0.05982198336519889,0.3584790057092082,66697.0,0.4417829545454545
334,Hunter Killer,121.0,40000000.0,6653777.0,2018-10-28,-0.31035058904894836,0.060339648151730964,0.29837213937534934,100.0,0.166344425
335,The Boss,99.0,29000000.0,23586645.0,2016-4-10,0.014461410692627383,0.06251042889961746,0.3364144546904962,53426.0,0.8133325862068965
336,Last Christmas,103.0,25000000.0,11441055.0,2019-11-10,0.09910344163103484,0.06449098774936092,0.3277203598870672,51549.0,0.4576422
337,A Wrinkle in Time,109.0,100000000.0,33123609.0,2018-3-11,0.03507565188063122,0.08179671594313481,0.3434305719072072,8206.0,0.33123609
338,The Spy Who Dumped Me,117.0,40000000.0,12103043.0,2018-8-5,-0.29512905221386804,0.033887197439934756,0.2540599835135393,1225.0,0.302576075
339,The Infiltrator,127.0,28000000.0,5303775.0,2016-7-17,0.09373858140440051,0.10167486469169784,0.32168629617441946,1382.0,0.18942053571428571
340,Going in Style,96.0,25000000.0,11932330.0,2017-4-9,0.11138241657140463,0.09576751011784206,0.36585976714981006,31205.0,0.4772932
341,Shaft,111.0,35000000.0,8901419.0,2019-6-16,0.044305784899121035,0.05472326128670385,0.3077957933154106,42479.0,0.25432625714285717
342,The Emoji Movie,86.0,50000000.0,24531923.0,2017-7-30,-0.06525914961590969,0.018783076365710347,0.28551165223588376,23532.0,0.49063846
343,Insidious: The Last Key,103.0,10000000.0,29581355.0,2018-1-7,0.011099767711962829,0.02073072396512945,0.49826980867829634,83.0,2.9581355
344,The Upside,126.0,37500000.0,20355000.0,2019-1-13,0.08326625436648322,0.04847542720817428,0.35499501817551243,104.0,0.5428
345,The Shack,132.0,20000000.0,16172119.0,2017-3-5,0.06547883980857044,0.04989471355950357,0.32477028518997747,1379.0,0.80860595
346,Assassination Nation,108.0,7000000.0,1050021.0,2018-9-23,-0.2936203486812942,0.03938347621133019,0.245127141865207,202.0,0.150003
347,Snowden,134.0,40000000.0,8000058.0,2016-9-18,0.2604915585950692,0.1169342839489116,0.19615518789720918,70462.0,0.20000145
348,All the Money in the World,132.0,50000000.0,5584684.0,2017-12-31,0.09529759226521335,0.086726944480102,0.37427606300509686,42449.0,0.11169368
349,Gold,120.0,20000000.0,3471316.0,2017-1-29,0.05683206606108639,0.07081399262082859,0.3690492645637778,228623.0,0.1735658
350,Tulip Fever,105.0,25000000.0,1158017.0,2017-9-3,0.10991388888888891,0.21133663019079685,0.29897703890759453,9.0,0.04632068
351,How to Be Single,110.0,38000000.0,17878911.0,2016-2-14,0.07161148312717813,0.06561606701632941,0.3571941413274677,60314.0,0.47049765789473685
352,The BFG,117.0,140000000.0,18775350.0,2016-7-3,0.03737194000175351,0.050873791910057344,0.295335121913118,463.0,0.13410964285714286
353,First Reformed,113.0,3500000.0,97562.0,2018-5-20,0.0817690116475234,0.11453644643608847,0.352533567394988,765.0,0.027874857142857142
354,Angry Birds,97.0,73000000.0,38155177.0,2016-5-22,-0.29410072340020116,-0.23970011329876761,0.688243453277188,5560.0,0.5226736575342465
355,The Belko Experiment,89.0,5000000.0,4137230.0,2017-3-19,0.01329217948717949,-0.007583721833721837,0.3384413364413365,1510.0,0.827446
356,Motherless Brooklyn,144.0,26000000.0,3500454.0,2019-11-3,0.07842711026856714,0.09914294998399022,0.27932766131118125,869.0,0.13463284615384616
357,Paterson,118.0,5000000.0,69335.0,2017-1-1,0.23173217142857147,0.17173376623376624,0.4154300144300144,103.0,0.013867
358,Queen & Slim,132.0,18000000.0,11890490.0,2019-12-1,0.1557092697357558,0.12743103259341337,0.3343424222510906,75.0,0.6605827777777777
359,Blair Witch,89.0,5000000.0,9576057.0,2016-9-18,-0.21423056555587675,0.0595383209733014,0.2819201024705962,2525.0,1.9152114
360,Flatliners,109.0,19000000.0,6574326.0,2017-10-1,0.10143199198273203,0.13759429783735982,0.30563184782634367,226.0,0.34601715789473686
361,Stuber,93.0,16000000.0,8225384.0,2019-7-14,0.28188476275946284,0.2059345805539258,0.4491394974183664,718.0,0.5140865
362,The Hustle,93.0,21000000.0,13007709.0,2019-5-12,0.0926014686144819,0.05324117103670235,0.3256043173840435,4210.0,0.6194147142857143
363,Ben-Hur,123.0,100000000.0,11203815.0,2016-8-21,0.001835661593219159,0.04848553404807421,0.24186879201411082,9825.0,0.11203815
364,Rough Night,101.0,20000000.0,8004283.0,2017-6-18,0.07003043094837895,0.04813739027850876,0.35980079685894495,12343.0,0.40021415
365,The Commuter,104.0,30000000.0,13701452.0,2018-1-14,0.07431854460147566,0.10106304030085536,0.31289776838092265,1162.0,0.45671506666666667
366,The Finest Hours,117.0,80000000.0,10288932.0,2016-1-31,0.09889670956896453,0.06213258386272276,0.18895928592032568,669.0,0.12861165
367,Pet Sematary,101.0,21000000.0,24502775.0,2019-4-7,-0.022690587021836843,0.048473010391343226,0.3279973109115798,2605.0,1.1667988095238095
368,Tully,95.0,13000000.0,3282610.0,2018-5-6,0.06940162529599146,0.033815207222932804,0.3667457842190409,792.0,0.2525084615384615
369,Child's Play,90.0,10000000.0,14094594.0,2019-6-23,0.2613063802784894,0.05907222141729822,0.31157706036243477,1349.0,1.4094594
370,The Best of Enemies,133.0,10000000.0,4446190.0,2019-4-7,0.06147471583576754,0.11319773729000512,0.38308781545256454,27369.0,0.444619
371,Happy Death Day 2U,100.0,9000000.0,9497665.0,2019-2-17,-0.11775298497426241,0.49986781613076736,0.7364176255865753,90.0,1.0552961111111112
372,The Last Full Measure,116.0,20000000.0,1058019.0,2020-1-26,0.0757562204706444,0.1358337378187528,0.3334764075828194,101.0,0.05290095
373,The Promise,133.0,90000000.0,4095718.0,2017-4-23,0.09438197996435799,0.07124690275433203,0.3354557812868694,34631.0,0.04550797777777778
374,Christopher Robin,104.0,75000000.0,24585139.0,2018-8-5,0.014224110774535377,0.01715871045672653,0.29172037851222543,1479.0,0.32780185333333334
375,Ice Age: Collision Course,94.0,105000000.0,21373064.0,2016-7-24,-0.16926063268442623,0.033663847965653804,0.14309040918169375,940.0,0.20355299047619047
376,Collateral Beauty,97.0,36000000.0,7102085.0,2016-12-18,0.2914443719615217,0.010914315045046426,0.3276532376610499,1553.0,0.1972801388888889
377,Alpha,96.0,51000000.0,10352512.0,2018-8-19,0.07534310292281649,0.052790000041291765,0.3100748831083066,19960.0,0.20299043137254902
378,The Darkest Minds,104.0,34000000.0,5842609.0,2018-8-5,-0.2914544220579099,0.07631723088775214,0.27161662955386173,389.0,0.1718414411764706
379,Live by Night,129.0,108000000.0,33336.0,2016-12-25,0.0008007925293523226,0.04411140123195798,0.3395529120715517,49265.0,0.00030866666666666667
380,The Kid Who Would Be King,120.0,59000000.0,7173887.0,2019-1-27,0.10777487819151213,0.1068856491636355,0.33014958094159635,68.0,0.12159130508474576
381,Ophelia,114.0,12000000.0,22145.0,2019-6-30,0.04298061017344637,0.07149132849253587,0.27107249011699447,1467.0,0.0018454166666666666
382,The Purge: Election Year,108.0,10000000.0,31515110.0,2016-7-3,-0.045144250781062246,-0.021111255006561542,0.21547451888619232,595.0,3.151511
383,Popstar: Never Stop Never Stopping,87.0,20000000.0,4698715.0,2016-6-5,0.2983249893071344,0.047863664663121176,0.35749219506654467,4235.0,0.23493575
384,The Possession of Hannah Grace,86.0,7700000.0,6401744.0,2018-12-2,0.0514870138888889,-0.10810348023889692,0.33124803967251887,24.0,0.8313953246753246
385,The Good Liar,109.0,10000000.0,5605051.0,2019-11-17,0.015559853017421674,0.1460792104578804,0.42345099911816986,102.0,0.5605051
386,White Boy Rick,111.0,29000000.0,8860431.0,2018-9-16,0.12772771206036088,0.03440687985632265,0.1660926996208719,296.0,0.30553210344827586
387,A Dog's Purpose,100.0,22000000.0,18222810.0,2017-1-29,-0.11181756436716705,-0.011982563238806062,0.32702886239496237,562.0,0.8283095454545455
388,Holmes & Watson,90.0,42000000.0,7411522.0,2018-12-30,-0.18246174349570532,-0.05071452370344665,0.3656463534931457,100.0,0.17646480952380952
389,The Angry Birds Movie 2,97.0,65000000.0,10354073.0,2019-8-18,-0.28226535629745436,-0.1808817329889004,0.6787479542014702,375.0,0.15929343076923078
390,Keeping Up with the Joneses,105.0,40000000.0,5461475.0,2016-10-23,-0.02604232836195079,-0.07275104939626298,0.2193351289641739,195.0,0.136536875
391,Operation Finale,122.0,24000000.0,6022758.0,2018-9-2,0.012162216427246655,0.020845725630230124,0.3440619642941819,296.0,0.25094825
392,Midnight Sun,91.0,2800000.0,4003993.0,2018-3-25,0.11543822103063589,0.054985712331631235,0.2696487263045912,757.0,1.4299975
393,Home Again,97.0,12000000.0,8567881.0,2017-9-10,0.013774868000519738,0.04529551931514065,0.3340941725895859,85538.0,0.7139900833333334
394,If Beale Street Could Talk,119.0,12000000.0,224476.0,2018-12-16,0.23757905472412294,0.2343752030362682,0.37263440146563676,43.0,0.018706333333333332
395,Book Club,104.0,10000000.0,13582231.0,2018-5-20,0.12690671003455642,0.09003764033082362,0.3472542413620195,1953.0,1.3582231
396,When the Bough Breaks,107.0,10000000.0,14202323.0,2016-9-11,0.02425024773350201,0.1084694038378274,0.34942378018152565,51.0,1.4202323
397,Billy Lynn's Long Halftime Walk,113.0,40000000.0,114129.0,2016-11-13,-0.0324825,-0.029687500000000006,0.44750000000000006,20.0,0.002853225
398,Overboard,112.0,12000000.0,14711101.0,2018-5-6,0.034535447331164155,0.007955174470207552,0.3424862105384341,4968.0,1.2259250833333333
399,Every Day,97.0,4900000.0,3016149.0,2018-2-25,0.06635585161977998,0.06415866961783397,0.3414124450818001,275647.0,0.615540612244898
400,"Everything, Everything",96.0,10000000.0,11727390.0,2017-5-21,0.009425996698538584,0.03819831516866204,0.31434209406428326,330010.0,1.172739
401,Detroit,143.0,34000000.0,350190.0,2017-7-30,0.022153744039224658,0.03631158040716551,0.2166801183843819,20486.0,0.010299705882352942
402,Caf√© Society,96.0,30000000.0,359289.0,2016-7-17,0.05534125000000001,0.02012343612213404,0.1272571062714292,116.0,0.0119763
403,Money Monster,98.0,27000000.0,14788157.0,2016-5-15,0.028615795100835922,0.08264279298160743,0.33013808133693245,2682.0,0.5477095185185186
404,"Where'd You Go, Bernadette",109.0,20000000.0,3462308.0,2019-8-18,0.14205179487179487,0.06576254973982247,0.22877433334601166,60.0,0.1731154
405,Welcome to Marwen,116.0,39000000.0,2354205.0,2018-12-23,0.19535624683328337,0.4080844979480588,0.7172662728313225,79.0,0.06036423076923077
406,The Grinch,85.0,75000000.0,67572855.0,2018-11-11,0.07990349856898855,0.03125906385690795,0.3176625759445268,100.0,0.9009714
407,Late Night,102.0,4000000.0,246305.0,2019-6-9,0.026294317578038448,0.0039038440904794326,0.36310011594321345,79459.0,0.06157625
408,The Intruder,102.0,8000000.0,10855054.0,2019-5-5,0.004811394335436944,0.009370091237949461,0.3147779015060017,4469.0,1.35688175
409,Midnight Special,112.0,18000000.0,190012.0,2016-3-20,0.14387407729172988,0.11823678276404649,0.3075456697147679,2665.0,0.010556222222222222
410,The Lego Ninjago Movie,101.0,70000000.0,20433071.0,2017-9-24,0.09837348327066836,0.05256555871793894,0.250267292575276,655.0,0.2919010142857143
411,Snatched,90.0,42000000.0,19542248.0,2017-5-14,0.01106258412362264,0.02711588531362944,0.31397610034560947,3369.0,0.46529161904761906
412,Shut In,91.0,10000000.0,3613567.0,2016-11-13,-0.00837000230150836,0.023571555280912388,0.33161882859998376,132791.0,0.3613567
413,The Light Between Oceans,133.0,20000000.0,4765838.0,2016-9-4,0.04280346225079476,0.2310198044510868,0.5728401842463817,468.0,0.2382919
414,Bleed for This,117.0,6000000.0,2366810.0,2016-11-20,0.048496145754334884,0.07588709802122756,0.36902119723362853,5012.0,0.3944683333333333
415,The Nutcracker and the Four Realms,99.0,120000000.0,20352491.0,2018-11-4,0.1147494068177298,0.08619122119220457,0.2991617225557816,65.0,0.16960409166666668
416,Jexi,84.0,5000000.0,3106730.0,2019-10-13,0.06183572555916306,-0.007494513588263578,0.23920142646705145,357.0,0.621346
417,20th Century Women,119.0,7000000.0,111200.0,2017-1-1,0.12988813010252345,0.09280243833004263,0.1983685631323233,277.0,0.015885714285714284
418,The Personal History of David Copperfield,119.0,15600000.0,475800.0,2020-8-30,0.06410878787878788,0.09006864242659697,0.36851724117633206,15.0,0.0305
419,Daddy's Home 2,100.0,69000000.0,29651193.0,2017-11-12,-0.05069439160628017,0.032381901188711655,0.22247856966403162,306.0,0.4297274347826087
420,The First Purge,97.0,13000000.0,17374280.0,2018-7-8,0.023276081012831785,0.11055819912948957,0.3612845534780719,2755.0,1.3364830769230769
421,Second Act,103.0,16000000.0,6489983.0,2018-12-23,0.07531563225265712,0.06641048352253433,0.3511318084954821,100.0,0.4056239375
422,Mother's Day,118.0,25000000.0,8369184.0,2016-5-1,0.0768582545678534,0.0776386528719073,0.32062423614395363,11533.0,0.33476736
423,Johnny English Strikes Again,89.0,25000000.0,1638895.0,2018-10-28,-0.23405969563107212,0.04633160345382914,0.1657347172130982,37.0,0.0655558
424,All Eyez on Me,139.0,40000000.0,26435354.0,2017-6-18,0.12701693132874453,0.10491832833571452,0.2976980611399764,1141.0,0.66088385
425,Harriet,125.0,17000000.0,11676720.0,2019-11-3,0.08099407600737095,0.09821440078761662,0.31668021335888324,1501.0,0.6868658823529412
426,Black and Blue,108.0,12000000.0,8376846.0,2019-10-27,0.06506928870564731,0.04866018629252954,0.33708024248013324,41165.0,0.6980705
427,Unfriended: Dark Web,92.0,1000000.0,3653035.0,2018-7-22,0.02689570578231292,-0.0435360067644131,0.3904708668324342,520.0,3.653035
428,The House with a Clock in Its Walls,105.0,42000000.0,26608020.0,2018-9-23,0.14155069075462673,0.13640907269759073,0.36588481539910744,1013.0,0.6335242857142858
429,Free State of Jones,139.0,50000000.0,7572206.0,2016-6-26,0.33490668010343627,0.27855038415668526,0.618256859138597,4034.0,0.15144412
430,Office Christmas Party,105.0,45000000.0,16890204.0,2016-12-11,0.24840329990963234,0.06748611496535047,0.2954988152746193,10480.0,0.3753378666666667
431,Forever My Girl,108.0,3500000.0,4245630.0,2018-1-21,0.07225984996063478,0.057346121291203485,0.3532798611833406,8099.0,1.213037142857143
432,Collide,99.0,21500000.0,1512824.0,2017-2-26,-0.024217156532162033,0.023984274870931632,0.23136413330168382,1237.0,0.07036390697674419
433,The Happytime Murders,91.0,40000000.0,9532425.0,2018-8-26,-0.361543308232041,-0.06813745732640679,0.3544981418220737,778.0,0.238310625
434,Fifty Shades of Black,92.0,5000000.0,5900528.0,2016-1-31,0.030678073757589807,-0.022852076922433916,0.2085034080622982,715.0,1.1801056
435,The Forest,93.0,10000000.0,12741176.0,2016-1-10,0.06379135007229336,0.05885339874099949,0.32580552395334755,27186.0,1.2741176
436,Wonder Wheel,101.0,25000000.0,125570.0,2017-12-3,-0.050727319220076866,0.047188963446438525,0.371172521916368,1094.0,0.0050228
437,Isn't It Romantic,89.0,31000000.0,14247758.0,2019-2-17,0.05774449060589678,0.07500836518026324,0.4294983989761418,104.0,0.45960509677419353
438,Smurfs: The Lost Village,90.0,60000000.0,13210449.0,2017-4-9,-0.24963661778597454,0.03652772902471381,0.23365844353087678,154.0,0.22017415
439,Goosebumps 2: Haunted Halloween,90.0,35000000.0,15802225.0,2018-10-14,-0.15191693626531202,0.10470106575440767,0.31290607668637355,15.0,0.45149214285714284
440,My Little Pony: The Movie,99.0,6500000.0,8885899.0,2017-10-8,0.13198086259240374,0.0011878375155382715,0.4632376310992522,649.0,1.3670613846153845
441,Whiskey Tango Foxtrot,112.0,35000000.0,7450275.0,2016-3-6,0.049261441102756855,0.01183101085581897,0.20985951518023882,1693.0,0.212865
442,Fist Fight,91.0,22000000.0,12201873.0,2017-2-19,-0.08665057058172775,0.044969933950121124,0.3169453673731798,3479.0,0.554630590909091
443,What Men Want,117.0,20000000.0,18232087.0,2019-2-10,0.07293950134480873,0.07442944313085782,0.35184698189254393,102.0,0.91160435
444,Rings,102.0,25000000.0,13002632.0,2017-2-5,0.06867919665122643,0.07358743820103376,0.29108370203241235,66596.0,0.52010528
445,Life of the Party,105.0,30000000.0,17886075.0,2018-5-13,0.07631677802543689,0.06412667680846135,0.34697976144373166,28102.0,0.5962025
446,Action Point,85.0,19000000.0,2390164.0,2018-6-3,0.019755545302221476,0.05577871281922135,0.3499497676849879,23012.0,0.1257981052631579
447,Can You Ever Forgive Me?,106.0,10000000.0,161510.0,2018-10-21,0.06949499810076998,0.07927135740099812,0.3488201786886891,100.0,0.016151
448,Miss Bala,104.0,15000000.0,6864744.0,2019-2-3,-0.07483955649922291,0.05597046845046195,0.2812012210085848,52.0,0.4576496
449,The Case for Christ,112.0,5000000.0,3967885.0,2017-4-9,0.013631410454418371,0.08447367824852522,0.3450162581635989,1719.0,0.793577
450,Storks,87.0,70000000.0,21311407.0,2016-9-25,0.1548518291521082,0.1679358543726079,0.2995633091515026,261.0,0.3044486714285714
451,Hell Fest,89.0,5500000.0,5130963.0,2018-9-30,-0.36424415441893565,0.07808239489883623,0.2769624168109264,371.0,0.9329023636363636
452,The Hero,96.0,1200000.0,45317.0,2017-6-11,0.20494865274894672,0.08507206414028701,0.33532334192406693,88730.0,0.03776416666666667
453,Sleepless,95.0,30000000.0,8344128.0,2017-1-15,0.026154458035431087,0.06257301573191468,0.26934805989479627,1856.0,0.2781376
454,Playing with Fire,96.0,29900000.0,12723781.0,2019-11-10,0.02441718475275515,0.05862865114303282,0.3448630897250621,18071.0,0.4255445150501672
455,Gotti,112.0,10000000.0,1719902.0,2018-6-17,-0.031651695156695164,0.04702639988003563,0.2285730992418039,1642.0,0.1719902
456,I Can Only Imagine,110.0,7000000.0,17108914.0,2018-3-18,0.054514272989945815,0.04737688478304982,0.35808918974891263,68312.0,2.4441305714285715
457,Hands of Stone,111.0,20000000.0,1751388.0,2016-8-28,0.030972017375771835,0.047224768938507834,0.32686362320768975,2958.0,0.0875694
458,Risen,107.0,20000000.0,11801271.0,2016-2-21,0.07437787102474962,0.08720773060985529,0.31035093067379627,6723.0,0.59006355
459,Monster Trucks,104.0,125000000.0,10950705.0,2017-1-15,0.12144180048778132,0.10808844769882875,0.3204976610110548,273.0,0.08760564
460,All I See Is You,109.0,30000000.0,144076.0,2017-10-29,0.07967086363206742,0.06367000535155708,0.3611878118319624,211096.0,0.0048025333333333335
461,Super Troopers 2,100.0,13500000.0,15181624.0,2018-4-22,0.3213296976600323,0.16112115350167575,0.5215366240314996,974.0,1.1245647407407406
462,A Dog's Journey,109.0,16000000.0,8030085.0,2019-5-19,-0.004693648018648018,0.017682109557109554,0.08869318181818182,149.0,0.5018803125
463,The Current War,108.0,30000000.0,2633717.0,2019-10-27,-0.0010103008071262122,0.050876773899807395,0.33731746947631214,6498.0,0.08779056666666667
464,The Kitchen,102.0,38000000.0,5527410.0,2019-8-11,0.05739331016671673,0.06815348042581969,0.35030548533239914,182283.0,0.14545815789473684
465,Ride Along 2,102.0,40000000.0,35243095.0,2016-1-17,0.06770518603860401,0.05955098490100386,0.25318746567912387,6347.0,0.881077375
466,Loving,123.0,9000000.0,159615.0,2016-11-6,0.2608053574161035,0.2273932205529607,0.5361483047898395,56481.0,0.017735
467,A Hologram for the King,98.0,30000000.0,1138578.0,2016-4-24,0.0,0.159375,0.221875,4.0,0.0379526
468,Suburbicon,105.0,25000000.0,2840246.0,2017-10-29,-0.12656671746031742,-0.08770307685700543,0.32444171539659633,194.0,0.11360984
469,The Bye Bye Man,96.0,7400000.0,13501349.0,2017-1-15,0.012526718995801833,0.048372603140620744,0.3025176956493014,2550.0,1.8245066216216217
470,Denial,109.0,10000000.0,93728.0,2016-10-2,-0.006544673227070023,0.04619905954623221,0.3459326284808386,6381.0,0.0093728
471,Unforgettable,100.0,12000000.0,4785431.0,2017-4-23,0.025660899684977968,0.4029697852161299,0.661611300979052,1267.0,0.3987859166666667
472,Ben Is Back,103.0,13000000.0,80734.0,2018-12-9,0.05526788760899108,0.07565500891388037,0.3438807191535694,113.0,0.006210307692307692
473,Teen Titans Go! To the Movies,84.0,10000000.0,10411189.0,2018-7-29,0.17826196618657203,0.08683291568939076,0.24574385146223868,650.0,1.0411189
474,The Ottoman Lieutenant,106.0,40000000.0,149830.0,2017-3-12,0.3126333333333334,0.27749999999999997,0.5141666666666667,12.0,0.00374575
475,The Prodigy,92.0,6000000.0,5853061.0,2019-2-10,0.08876419795551861,0.04015504753694574,0.3215599149580555,100.0,0.9755101666666667
476,Thank You for Your Service,109.0,20000000.0,3817700.0,2017-10-29,0.13993671623916948,0.09037779616991197,0.32864430684045265,13601.0,0.190885
477,Wish Upon,90.0,12000000.0,5467084.0,2017-7-16,0.08637399218024118,0.05692918265665413,0.3509095923329681,10486.0,0.4555903333333333
478,Superfly,116.0,16000000.0,6870740.0,2018-6-17,0.10844113147255133,0.09530674792053785,0.30517718324928683,1042.0,0.42942125
479,A Private War,110.0,18800000.0,60491.0,2018-11-4,-0.07114800525704522,0.05418658559842473,0.3366589917873105,100.0,0.0032176063829787234
480,Triple Threat,96.0,10000000.0,5936.0,2019-3-24,-0.18359630995720416,0.058848190177194906,0.26322635887708035,2789.0,0.0005936
481,Missing Link,93.0,100000000.0,5944950.0,2019-4-14,0.02732539181657581,0.03784530875553839,0.3021754473348573,7943.0,0.0594495
482,The Catcher Was a Spy,94.0,14000000.0,114771.0,2018-6-24,0.013922222222222213,0.005555555555555554,0.06666666666666667,14.0,0.008197928571428571
483,UglyDolls,87.0,45000000.0,8603407.0,2019-5-5,0.00016838316722036996,0.035349949822541187,0.378573622337119,324.0,0.19118682222222222
484,A Dog's Way Home,96.0,18000000.0,11251263.0,2019-1-13,0.13589974038438135,0.1312056661642833,0.35141154597303875,45.0,0.6250701666666667
485,Stan & Ollie,98.0,10000000.0,78104.0,2018-12-30,0.3090570401310401,0.23711821780458148,0.27616690084417356,37.0,0.0078104
486,Diary of a Wimpy Kid: The Long Haul,91.0,22000000.0,7126084.0,2017-5-21,0.08068099125874127,0.0503715805028305,0.4174879538690072,68.0,0.3239129090909091
487,Uncle Drew,103.0,19000000.0,15242781.0,2018-7-1,0.16279717036511165,0.08515248954839744,0.2671193862583701,12733.0,0.8022516315789474
488,The Zookeeper's Wife,127.0,20000000.0,3288835.0,2017-4-2,0.2153088235294118,0.17511140819964352,0.4184269162210339,131.0,0.16444175
489,A United Kingdom,111.0,14000000.0,66510.0,2017-2-12,0.1538384890733537,0.06795680730500762,0.2898972120985153,2720.0,0.004750714285714286
490,Winchester,99.0,3500000.0,9307626.0,2018-2-4,0.00860133358279286,0.11958905605441472,0.34127096940845325,18143.0,2.6593217142857144
491,Mr. Church,104.0,8000000.0,338551.0,2016-9-18,0.018981871649210235,0.030107621371774335,0.3242292015400986,1296.0,0.042318875
492,Table 19,87.0,5000000.0,1597928.0,2017-3-5,0.10069265084443728,0.04529521731833208,0.32776551998926273,6116.0,0.3195856
493,A-X-L,100.0,10000000.0,2798229.0,2018-8-26,0.0693930207091963,0.05197773834409501,0.2906239359305719,2211.0,0.2798229
494,Breakthrough,116.0,14000000.0,11282333.0,2019-4-21,0.057692670213240066,0.06960257628053375,0.329307282300122,9240.0,0.8058809285714286
495,Marshall,118.0,12000000.0,3000805.0,2017-10-15,0.04875083559183104,0.029276788714370405,0.2891651717998357,13169.0,0.25006708333333333
496,Black Christmas,92.0,5000000.0,4240245.0,2019-12-15,0.08462484735096773,0.03676284617333056,0.3359077445674115,105.0,0.848049
497,The Sun Is Also a Star,100.0,9000000.0,2511530.0,2019-5-19,0.13701419984777208,0.08482025522501772,0.3338554085222204,1328.0,0.2790588888888889
498,Kin,102.0,30000000.0,3035618.0,2018-9-2,0.03869745365027308,0.04221525164148588,0.32096653312208523,3470.0,0.10118726666666666
499,Traffik,96.0,4000000.0,3941338.0,2018-4-22,0.14874484126984125,0.11680956389289722,0.3951089766714766,109.0,0.9853345
500,Bad Santa 2,92.0,26000000.0,6176680.0,2016-11-27,-0.37471247571571603,-0.3808575896654212,0.6018132226900714,882.0,0.23756461538461537
501,Smallfoot,96.0,80000000.0,23045635.0,2018-9-30,0.12433885185185187,0.14702132926810346,0.3249643480374663,204.0,0.2880704375
502,Crown Vic,110.0,3600000.0,2468.0,2019-11-10,0.11139162337662337,0.046552789802789804,0.2701729057979058,65.0,0.0006855555555555556
503,Meet the Blacks,94.0,900000.0,4055940.0,2016-4-3,0.08300736330392068,0.09120162752432316,0.27746700072083397,140.0,4.5066
504,How to Be a Latin Lover,115.0,10000000.0,12252439.0,2017-4-30,0.5339509834654865,0.16179022248151825,0.37061004678061116,91.0,1.2252439
505,Term Life,93.0,16500000.0,13040.0,2016-5-1,0.06392628353289098,0.07159206311548796,0.3700480749945564,14696.0,0.0007903030303030303
506,Blinded by the Light,118.0,15000000.0,4333305.0,2019-8-18,0.09112921834507114,0.2022560088021579,0.4842227009822291,14429.0,0.288887
507,Victoria & Abdul,111.0,21000000.0,158845.0,2017-9-24,0.16379166666666667,0.05833333333333334,0.15277777777777776,12.0,0.007564047619047619
508,Dog Days,113.0,10000000.0,2554766.0,2018-8-12,0.05797951597006759,0.05366196880615802,0.31626592621827077,32715.0,0.2554766
509,The Darkness,92.0,4000000.0,4950859.0,2016-5-15,-0.005115501298111313,0.041103106051635384,0.3342341662958627,19305.0,1.23771475
510,Middle School: The Worst Years of My Life,92.0,8500000.0,6878437.0,2016-10-9,-0.12731565860023344,-0.016961810701556994,0.3937282834457532,1391.0,0.8092278823529412
511,Max Steel,92.0,10000000.0,2182216.0,2016-10-16,0.020056147996658183,0.09126240692927703,0.32871241727971384,457.0,0.2182216
512,Shock and Awe,90.0,16450000.0,45856.0,2018-7-15,-0.05348560246907506,0.10862142067988412,0.34310783329898503,657.0,0.002787598784194529
513,Sherlock Gnomes,86.0,59000000.0,10604774.0,2018-3-25,0.15836935483870968,0.06979148340002875,0.3000313274512965,770.0,0.17974193220338983
514,The Comedian,120.0,15000000.0,10723.0,2016-12-11,0.20165417989896783,0.05285133100096856,0.3466062309308247,3539.0,0.0007148666666666666
515,The Ballad of Lefty Brown,111.0,8000000.0,5559.0,2017-12-17,0.3409754901960784,0.13092223000311234,0.26857601929660757,26.0,0.000694875
516,Chappaquiddick,106.0,13000000.0,5765854.0,2018-4-8,-0.16816975000000003,0.024578300865800866,0.23700829725829728,887.0,0.4435272307692308
517,Rules Don't Apply,127.0,25000000.0,1589625.0,2016-11-27,0.0951200425159727,0.07896718232157687,0.3473193983092379,2241.0,0.063585
518,Acrimony,120.0,20000000.0,17170707.0,2018-4-1,0.11003281265031266,0.09246042307899281,0.2782131217534781,642.0,0.85853535
519,The Birth of a Nation,120.0,8500000.0,7004254.0,2016-10-9,0.015894617571595035,0.10586919891203407,0.3132781060450972,1434.0,0.8240298823529412
520,Father Figures,113.0,25000000.0,3287451.0,2017-12-24,-0.00555051272467668,0.05739019671145412,0.2917587721403394,919.0,0.13149804
521,I'm Not Ashamed,112.0,1500000.0,927161.0,2016-10-23,0.009795694770511763,0.0532314018671309,0.38789711519181047,9629.0,0.6181073333333333
522,Nobody's Fool,110.0,19000000.0,13743111.0,2018-11-4,-0.3174637254477549,0.042501893939393944,0.30755651755651753,30.0,0.7233216315789474
523,Don't Let Go,103.0,5000000.0,2338669.0,2019-9-1,0.04236515110571186,0.05125392675493977,0.3273944854909158,219026.0,0.4677338
524,The Hollars,88.0,3800000.0,38210.0,2016-8-28,0.0016015873015873014,0.1541936943127419,0.296283754495064,22.0,0.010055263157894737
525,Kickboxer: Retaliation,110.0,10000000.0,3061.0,2018-1-28,-0.003201623376623376,0.17460497835497837,0.22198322510822507,19.0,0.0003061
526,Range 15,89.0,1000000.0,1044.0,2016-6-19,0.06461212939398005,0.07340520792553815,0.34928786583077587,15351.0,0.001044
527,Boo! A Madea Halloween,103.0,20000000.0,28501448.0,2016-10-23,-0.0236678624401914,-0.0038124602481958924,0.14233348557067158,32.0,1.4250724
528,Bonjour Anne,92.0,5000000.0,98850.0,2017-5-14,0.5106,0.375,0.675,1.0,0.01977
529,Blaze,129.0,1200000.0,44050.0,2018-8-19,0.012041711675434181,0.09073656130726075,0.30936083196448627,4735.0,0.036708333333333336
530,Early Man,89.0,50000000.0,3190525.0,2018-2-18,0.056651157586600054,0.05807432185674438,0.3421463116364189,75003.0,0.0638105
531,Incarnate,87.0,5000000.0,2534884.0,2016-12-4,0.04808827399600961,0.013322348141303612,0.25105616675888,5055.0,0.5069768
532,Overcomer,119.0,5000000.0,8146533.0,2019-8-25,0.11663214285714285,0.1245957019171305,0.353037260358689,1531.0,1.6293066
533,The Hurricane Heist,103.0,35000000.0,3024399.0,2018-3-11,0.11111261904761906,0.07239223441902014,0.2535674946746375,122.0,0.0864114
534,Brian Banks,99.0,10000000.0,2156272.0,2019-8-11,-0.07828697556669231,-0.00857083319442781,0.2928053754509428,1610.0,0.2156272
535,A Madea Family Funeral,109.0,20000000.0,27062332.0,2019-3-3,-0.06263945648064866,0.10677403485876097,0.23618811377009144,91.0,1.3531166
536,Barbershop: A Fresh Cut,111.0,20000000.0,20242415.0,2016-4-17,0.056302666666666674,0.08717281144781144,0.286013542938543,12.0,1.01212075
537,"Paul, Apostle of Christ",108.0,5000000.0,5172585.0,2018-3-25,0.1291526791726792,0.09498164462890893,0.2583930439657923,1790.0,1.034517
538,Poms,90.0,10000000.0,5361937.0,2019-5-12,0.04516627470671588,0.013015786921360132,0.23059000311509048,1643.0,0.5361937
539,Birth of the Dragon,95.0,31000000.0,2702430.0,2017-8-27,0.08256643861735964,0.09896058657837425,0.3285422473721394,2243.0,0.08717516129032259
540,Just Getting Started,91.0,22000000.0,3201459.0,2017-12-10,0.06196986412294117,0.05000804142871546,0.35791528596047895,44943.0,0.14552086363636363
541,Run the Race,101.0,2500000.0,2161480.0,2019-2-24,0.07973302913489061,0.07217904361854412,0.34356453328474473,9293.0,0.864592
542,Greater,130.0,9000000.0,627974.0,2016-8-28,0.1286069206953307,0.10413511029353527,0.3770962920363511,33551.0,0.06977488888888889
543,Wonder Park,85.0,90000000.0,15853646.0,2019-3-17,0.05256745526549599,0.08566933278512719,0.3863578442571608,3725.0,0.17615162222222222
544,Unbroken: Path to Redemption,98.0,6000000.0,2238723.0,2018-9-16,0.28755708333333335,0.02093721093721094,0.15923352804602806,52.0,0.3731205
545,The Disappointments Room,91.0,15000000.0,1402823.0,2016-9-11,-0.3711585403852928,0.058679340724700005,0.3224594319097408,47.0,0.09352153333333334
546,Breaking In,88.0,6000000.0,17630285.0,2018-5-13,0.024344417694393328,0.0285921628604927,0.33550856883066155,107425.0,2.9383808333333334
547,Show Dogs,92.0,5500000.0,6023972.0,2018-5-20,0.10021131779888284,0.06976169523469551,0.34804795893010104,5493.0,1.0952676363636364
548,Queen of Katwe,124.0,15000000.0,304933.0,2016-9-25,0.17127298441734418,0.13990850017833842,0.2614380798239199,143.0,0.020328866666666667
549,Woodshock,100.0,5000000.0,12247.0,2017-9-24,0.11093271449548985,0.12277201462616819,0.2827315794826808,107.0,0.0024494
550,Wild Oats,86.0,10000000.0,21554.0,2016-9-18,0.09648056623931622,0.12492245208785265,0.3889081674232669,274.0,0.0021554
551,Ratchet & Clank,94.0,20000000.0,4869278.0,2016-5-1,0.1346762293948148,0.08399567812188921,0.31501277368022834,6785.0,0.2434639
552,Unplanned,109.0,6000000.0,6382298.0,2019-3-31,0.08439050770936157,0.04678841868765159,0.29236512128278563,4034.0,1.0637163333333333
553,God's Not Dead 2,120.0,5000000.0,7623662.0,2016-4-3,0.2932649089086629,0.045833092311575584,0.37349447313068873,259.0,1.5247324
554,Rock Dog,90.0,60000000.0,3704749.0,2017-2-26,0.15778592556773322,0.13717844590341874,0.35669749740249457,2550.0,0.06174581666666667
555,The Perfect Match,96.0,5000000.0,4294232.0,2016-3-13,0.12099014876196991,0.11861787800286766,0.40015945874223013,9744.0,0.8588464
556,Blind,98.0,2500000.0,12522.0,2017-7-16,-0.02658067681442423,-0.04700857608139572,0.4064518644164068,78576.0,0.0050088
557,Norm of the North,88.0,7000000.0,6844137.0,2016-1-17,0.058982407309227484,0.06421661424035777,0.19002470934168525,619.0,0.9777338571428571
558,The Vault,91.0,5000000.0,4308.0,2017-9-3,0.06332728849259736,0.04662700824064112,0.36677435321245183,12515.0,0.0008616
559,El Chicano,144.0,8000000.0,700261.0,2019-5-5,0.055454166666666665,-0.029008838383838383,0.13005050505050506,13.0,0.087532625
560,Same Kind of Different as Me,119.0,15000000.0,2591985.0,2017-10-22,0.054313785138737865,0.05873633548473954,0.34767181270675307,20826.0,0.172799
561,Phoenix Forgotten,87.0,2800000.0,1816499.0,2017-4-23,0.1831345290745291,0.222687170345443,0.4757386473149204,34.0,0.6487496428571429
562,Tyler Perry's Boo 2! A Madea Halloween,101.0,25000000.0,21226953.0,2017-10-22,0.05694175438596492,0.16901315789473684,0.41596491228070187,7.0,0.84907812
563,Almost Christmas,111.0,17000000.0,15134235.0,2016-11-13,0.05700745966739105,0.048269117576621084,0.32265845886391625,6940.0,0.8902491176470588
564,The Resurrection of Gavin Stone,91.0,2000000.0,1206771.0,2017-1-22,0.360225,0.3814867424242424,0.706344696969697,38.0,0.6033855
565,The Young Messiah,111.0,18500000.0,3294876.0,2016-3-13,0.07684699992036949,0.08156565772549858,0.23430027478955084,166.0,0.1781014054054054
566,Robinson Crusoe,91.0,13000000.0,3342696.0,2016-9-11,-0.023334400181474067,0.0020603460867982468,0.19273464365407056,41.0,0.25713046153846153
567,Sleight,89.0,250000.0,1701785.0,2017-4-30,0.12194696200712096,0.1326661215025107,0.42226086020136994,1329.0,6.80714
568,Little Men,85.0,2000000.0,30368.0,2016-8-7,0.032273195971700294,0.05365974752082511,0.34655819541739236,30726.0,0.015184
569,Lowriders,98.0,5000000.0,2403885.0,2017-5-14,-0.046616517857142846,0.09489750759920211,0.3706806876887825,153.0,0.480777
570,Let There Be Light,100.0,3000000.0,1729535.0,2017-10-29,0.03300061617682644,0.05800527652751683,0.34259285501788694,23046.0,0.5765116666666666
571,Inside the Rain,90.0,1000000.0,8140.0,2020-3-15,0.024542091746646576,0.03265129155270327,0.3204365847865159,103.0,0.00814
572,Hacker,95.0,2000000.0,6716.0,2016-12-4,-0.11341683279646736,0.023509556171989247,0.29702157735163054,16007.0,0.003358
573,All Saints,108.0,2000000.0,1514278.0,2017-8-27,0.08134522292822507,0.0696045520507959,0.3836140585145097,3112.0,0.757139
574,Indivisible,119.0,2700000.0,1503101.0,2018-10-28,0.07639236540604973,0.09065937997433546,0.30631106060240115,21.0,0.5567040740740741
575,The Assassin's Code,95.0,1800000.0,11218.0,2018-5-13,-0.07901244840791112,0.03318859104249452,0.29808270021319005,36.0,0.006232222222222222
